6_3_1_6_repacked_wt_round_3_0004_0001,-31.412,0.000
6_3_3_6_repacked_wt_round_3_0003_0001,-29.455,0.354
6_3_3_6_repacked_wt_round_3_0012_0001,-30.574,0.356
6_3_4_6_repacked_wt_round_3_0003_0001,-32.086,0.199
6_3_5_6_repacked_wt_round_3_0009_0001,-33.05,0.171
6_3_5_6_repacked_wt_round_3_0011_0001,-32.335,0.431
6_3_5_6_repacked_wt_round_3_0012_0001,-29.501,0.381
6_3_6_6_repacked_wt_round_3_0020_0001,-30.963,0.182
6_3_7_6_repacked_wt_round_3_0008_0001,-29.979,0.167
6_3_7_6_repacked_wt_round_3_0009_0001,-30.031,0.217
6_3_7_6_repacked_wt_round_3_0013_0001,-30.066,0.159
6_3_7_6_repacked_wt_round_3_0015_0001,-36.797,0.338
6_3_7_6_repacked_wt_round_3_0016_0001,-27.045,0.338
6_3_8_6_repacked_wt_round_3_0005_0001,-30.079,0.175
6_3_8_6_repacked_wt_round_3_0008_0001,-27.397,0.348
6_3_8_6_repacked_wt_round_3_0013_0001,-28.16,0.430
6_3_8_6_repacked_wt_round_3_0020_0001,-32.718,0.220
9_2_1_9_repacked_wt_round_2_0008_0001,-32.345,0.534
9_2_1_9_repacked_wt_round_2_0018_0001,-30.445,0.146
9_2_2_9_repacked_wt_round_2_0014_0001,-31.929,0.234
9_2_3_9_repacked_wt_round_2_0008_0001,-30.699,0.187
9_2_3_9_repacked_wt_round_2_0014_0001,-30.579,0.260
9_2_3_9_repacked_wt_round_2_0017_0001,-31.173,0.264
9_2_3_9_repacked_wt_round_2_0023_0001,-32.704,0.215
9_2_4_9_repacked_wt_round_2_0021_0001,-31.583,0.262
9_2_5_9_repacked_wt_round_2_0011_0001,-31.542,0.105
9_2_5_9_repacked_wt_round_2_0016_0001,-32.896,0.426
9_2_5_9_repacked_wt_round_2_0024_0001,-30.939,0.294
9_2_7_9_repacked_wt_round_2_0002_0001,-34.505,0.406
9_2_7_9_repacked_wt_round_2_0004_0001,-31.787,0.185
9_2_7_9_repacked_wt_round_2_0007_0001,-33.097,0.144
9_2_7_9_repacked_wt_round_2_0017_0001,-32.818,0.210
9_2_7_9_repacked_wt_round_2_0018_0001,-28.871,0.340
9_2_8_9_repacked_wt_round_2_0001_0001,-32.664,0.219
9_2_8_9_repacked_wt_round_2_0002_0001,-30.123,0.335
9_2_8_9_repacked_wt_round_2_0006_0001,-27.403,0.336
9_2_8_9_repacked_wt_round_2_0007_0001,-34.664,0.222
9_2_8_9_repacked_wt_round_2_0009_0001,-27.389,0.374
9_2_8_9_repacked_wt_round_2_0014_0001,-34.098,0.421
9_3_2_9_repacked_wt_round_3_0001_0001,-33.583,0.224
9_3_3_9_repacked_wt_round_3_0012_0001,-30.784,0.200
9_3_4_9_repacked_wt_round_3_0006_0001,-28.328,0.409
9_3_4_9_repacked_wt_round_3_0022_0001,-29.954,0.164
9_3_6_9_repacked_wt_round_3_0020_0001,-29.943,0.221
9_3_7_9_repacked_wt_round_3_0003_0001,-31.197,0.188
9_3_8_9_repacked_wt_round_3_0009_0001,-29.563,0.225
9_3_8_9_repacked_wt_round_3_0011_0001,-30.376,0.323
9_3_8_9_repacked_wt_round_3_0012_0001,-28.197,0.433
9_3_8_9_repacked_wt_round_3_0017_0001,-30.271,0.369
9_3_8_9_repacked_wt_round_3_0024_0001,-31.382,0.095
