6_1_10_6_repacked_wt_round_1_0016_0001,-27.068,0.072
6_1_1_6_repacked_wt_round_1_0019_0001,-24.742,0.072
6_1_2_6_repacked_wt_round_1_0006_0001,-25.079,0.072
6_1_2_6_repacked_wt_round_1_0015_0001,-26.967,0.071
6_1_3_6_repacked_wt_round_1_0015_0001,-24.947,0.072
6_1_3_6_repacked_wt_round_1_0017_0001,-26.276,0.071
6_1_4_6_repacked_wt_round_1_0001_0001,-26.078,0.072
6_1_4_6_repacked_wt_round_1_0007_0001,-24.417,0.072
6_1_5_6_repacked_wt_round_1_0012_0001,-23.335,0.072
6_1_5_6_repacked_wt_round_1_0015_0001,-26.741,0.072
6_1_6_6_repacked_wt_round_1_0018_0001,-24.299,0.072
6_1_7_6_repacked_wt_round_1_0008_0001,-25.949,0.071
6_1_7_6_repacked_wt_round_1_0014_0001,-26.008,0.072
6_1_8_6_repacked_wt_round_1_0015_0001,-24.896,0.072
6_1_9_6_repacked_wt_round_1_0010_0001,-26.888,0.072
8_5_10_8_repacked_wt_round_5_0004_0001,-23.072,0.071
8_5_1_8_repacked_wt_round_5_0002_0001,-24.773,0.072
8_5_1_8_repacked_wt_round_5_0014_0001,-22.886,0.072
8_5_2_8_repacked_wt_round_5_0003_0001,-25.007,0.072
8_5_2_8_repacked_wt_round_5_0016_0001,-22.936,0.071
8_5_2_8_repacked_wt_round_5_0019_0001,-25.035,0.072
8_5_6_8_repacked_wt_round_5_0004_0001,-26.122,0.072
8_5_6_8_repacked_wt_round_5_0014_0001,-25.711,0.072
8_5_7_8_repacked_wt_round_5_0011_0001,-25.933,0.072
8_5_8_8_repacked_wt_round_5_0015_0001,-25.596,0.072
8_5_9_8_repacked_wt_round_5_0006_0001,-25.436,0.071
8_5_9_8_repacked_wt_round_5_0019_0001,-27.025,0.072
9_2_10_9_repacked_wt_round_2_0003_0001,-25.557,0.071
9_2_1_9_repacked_wt_round_2_0005_0001,-25.513,0.072
9_2_1_9_repacked_wt_round_2_0006_0001,-26.062,0.072
9_2_1_9_repacked_wt_round_2_0014_0001,-25.875,0.073
9_2_2_9_repacked_wt_round_2_0015_0001,-24.473,0.072
9_2_3_9_repacked_wt_round_2_0004_0001,-24.808,0.073
9_2_3_9_repacked_wt_round_2_0015_0001,-25.271,0.072
9_2_4_9_repacked_wt_round_2_0001_0001,-25.722,0.072
9_2_4_9_repacked_wt_round_2_0006_0001,-26.940,0.072
9_2_4_9_repacked_wt_round_2_0010_0001,-25.326,0.072
9_2_4_9_repacked_wt_round_2_0012_0001,-27.008,0.071
9_2_4_9_repacked_wt_round_2_0015_0001,-25.488,0.072
9_2_4_9_repacked_wt_round_2_0019_0001,-25.005,0.073
9_2_5_9_repacked_wt_round_2_0019_0001,-28.302,0.072
9_2_6_9_repacked_wt_round_2_0004_0001,-26.769,0.072
9_2_6_9_repacked_wt_round_2_0016_0001,-26.483,0.073
9_2_7_9_repacked_wt_round_2_0010_0001,-24.260,0.072
9_2_8_9_repacked_wt_round_2_0006_0001,-28.411,0.072
9_2_9_9_repacked_wt_round_2_0004_0001,-26.119,0.072
9_2_9_9_repacked_wt_round_2_0005_0001,-26.101,0.073
9_2_9_9_repacked_wt_round_2_0009_0001,-25.500,0.072
9_2_9_9_repacked_wt_round_2_0014_0001,-25.006,0.072
9_2_9_9_repacked_wt_round_2_0020_0001,-23.888,0.072
